stage_cut,ss_ee_Rr,ss_ee_Rp,ss_ee_Sr,ss_ee_Sp,ss_rec_Rr,ss_rec_Rp,ss_rec_Sr,ss_rec_Sp,srr_ee_R,srr_ee_S,srr_rec_R,srr_rec_S,c01_ee_Rr,c01_ee_Rp,c01_ee_Sr,c01_ee_Sp,c01_rec_Rr,c01_rec_Rp,c01_rec_Sr,c01_rec_Sp
0.01,-98.0,-98.0,98.0,98.0,98.99989897969492,1.0001010203050813,98.99989897969492,1.0001010203050813,-0.9800000000000038,0.9800000000000038,50.01010101010098,50.999999999999964,-98.00000000000001,-98.00000000000001,98.00000000000001,98.00000000000001,99.01960784313727,0.9803921568627345,99.01960784313725,0.980392156862746
0.02010204081632653,-98.0,-98.0,98.0,98.0,97.99959587795514,2.0004041220448574,97.99959587795514,2.0004041220448574,-1.969999999999997,1.969999999999997,49.510101010100925,51.499999999999915,-98.00000000000001,-98.00000000000001,98.00000000000001,98.00000000000001,98.02862204704309,1.9713779529569138,98.02862204704309,1.9713779529569149
0.030204081632653063,-98.0,-98.0,98.0,98.0,96.9990906335253,3.0009093664746893,96.9990906335253,3.0009093664746893,-2.9600000000000044,2.9600000000000044,49.010101010101046,52.00000000000004,-98.00000000000001,-98.00000000000001,98.00000000000001,98.00000000000001,97.03704914281978,2.9629508571802177,97.03704914281978,2.962950857180214
0.04030612244897959,-98.0,-98.0,98.0,98.0,95.9983831851253,4.001616814874697,95.9983831851253,4.001616814874697,-3.9499999999999797,3.9499999999999797,48.51010101010117,52.50000000000015,-98.00000000000001,-98.0,98.00000000000001,98.0,96.04489468548688,3.955105314513119,96.04489468548688,3.9551053145131174
0.05040816326530612,-98.0,-98.0,98.0,98.0,94.99747347145022,5.002526528549773,94.99747347145022,5.002526528549773,-4.940000000000007,4.940000000000007,48.010101010100996,52.99999999999999,-98.0,-98.0,98.0,98.0,95.05216424378197,4.947835756218026,95.05216424378199,4.9478357562180175
0.06051020408163265,-98.0,-98.0,98.0,98.0,93.9963614311704,6.003638568829594,93.9963614311704,6.003638568829594,-5.9300000000000175,5.9300000000000175,47.510101010100975,53.49999999999997,-98.00000000000001,-97.99999999999999,98.00000000000001,97.99999999999999,94.05886340006725,5.941136599932747,94.05886340006728,5.941136599932718
0.07061224489795918,-98.0,-98.0,98.0,98.0,92.99504700293136,7.004952997068635,92.99504700293136,7.004952997068635,-6.919999999999991,6.919999999999991,47.01010101010103,54.0,-98.0,-98.0,98.0,98.0,93.06499775023521,6.935002249764793,93.0649977502352,6.935002249764802
0.08071428571428571,-98.0,-98.0,98.0,98.0,91.99353012535381,8.006469874646179,91.99353012535381,8.006469874646179,-7.9100000000000295,7.9100000000000295,46.5101010101009,54.49999999999989,-98.00000000000001,-98.00000000000001,98.00000000000001,98.00000000000001,92.07057290361386,7.929427096386135,92.07057290361385,7.929427096386144
0.09081632653061224,-98.0,-98.0,98.0,98.0,90.99181073703366,9.008189262966333,90.99181073703366,9.008189262966333,-8.900000000000004,8.900000000000004,46.010101010100996,54.99999999999999,-98.00000000000001,-97.99999999999999,98.00000000000001,97.99999999999999,91.07559448287154,8.924405517128463,91.07559448287154,8.92440551712846
0.10091836734693876,-98.0,-98.0,98.0,98.0,89.98988877654196,10.01011122345804,89.98988877654196,10.01011122345804,-9.890000000000004,9.890000000000004,45.510101010101,55.49999999999999,-98.00000000000001,-98.00000000000001,98.00000000000001,98.00000000000001,90.08006812392085,9.919931876079147,90.08006812392085,9.919931876079144
0.11102040816326529,-98.0,-98.0,98.0,98.0,88.98776418242491,11.012235817575085,88.98776418242491,11.012235817575085,-10.88000000000001,10.88000000000001,45.01010101010098,55.999999999999986,-98.0,-98.00000000000001,98.0,98.00000000000001,89.08399947582231,10.91600052417769,89.08399947582231,10.916000524177697
0.12112244897959183,-98.0,-98.0,98.0,98.0,87.98543689320388,12.014563106796116,87.98543689320388,12.014563106796116,-11.869999999999992,11.869999999999992,44.51010101010105,56.50000000000005,-98.0,-98.0,98.0,98.0,88.08739420068711,11.912605799312885,88.08739420068716,11.912605799312846
0.13122448979591836,-98.0,-98.0,98.0,98.0,86.98290684737535,13.01709315262466,86.98290684737535,13.01709315262466,-12.85999999999999,12.85999999999999,44.010101010101046,57.00000000000003,-97.99999999999999,-98.0,97.99999999999999,98.0,87.09025797357985,12.909742026420147,87.09025797357984,12.909742026420155
0.1413265306122449,-98.0,-98.0,98.0,98.0,85.98017398341088,14.019826016589118,85.98017398341088,14.019826016589118,-13.849999999999993,13.849999999999993,43.510101010101,57.499999999999986,-98.00000000000001,-97.99999999999999,98.00000000000001,97.99999999999999,86.09259648241976,13.907403517580235,86.0925964824198,13.907403517580203
0.15142857142857144,-98.0,-98.0,98.0,98.0,84.9772382397572,15.022761760242792,84.9772382397572,15.022761760242792,-14.839999999999993,14.839999999999993,43.010101010101025,58.00000000000002,-98.0,-98.0,98.0,98.0,85.0944154278827,14.905584572117306,85.0944154278827,14.905584572117306
0.16153061224489795,-98.0,-98.0,98.0,98.0,83.9740995548361,16.025900445163902,83.9740995548361,16.025900445163902,-15.830000000000014,15.830000000000014,42.51010101010099,58.499999999999986,-98.00000000000001,-98.00000000000001,98.00000000000001,98.00000000000001,84.0957205233012,15.904279476698804,84.09572052330115,15.904279476698841
0.1716326530612245,-98.0,-98.0,98.0,98.0,82.97075786704441,17.02924213295558,82.97075786704441,17.02924213295558,-16.820000000000007,16.820000000000007,42.010101010100996,58.999999999999986,-97.99999999999999,-97.99999999999999,97.99999999999999,97.99999999999999,83.096517494565,16.903482505434994,83.09651749456502,16.90348250543498
0.18173469387755103,-98.0,-98.0,98.0,98.0,81.96721311475409,18.0327868852459,81.96721311475409,18.0327868852459,-17.810000000000002,17.810000000000002,41.51010101010099,59.49999999999997,-97.99999999999999,-98.0,97.99999999999999,98.0,82.09681208002061,17.903187919979388,82.09681208002058,17.903187919979413
0.19183673469387755,-98.0,-98.0,98.0,98.0,80.9634652363121,19.036534763687886,80.9634652363121,19.036534763687886,-18.799999999999994,18.799999999999994,41.01010101010102,60.00000000000001,-98.00000000000001,-98.00000000000001,98.00000000000001,98.00000000000001,81.0966100303702,18.9033899696298,81.09661003037019,18.903389969629814
0.2019387755102041,-98.0,-98.0,98.0,98.0,79.95951417004049,20.04048582995952,79.95951417004049,20.04048582995952,-19.789999999999992,19.789999999999992,40.51010101010103,60.50000000000002,-98.00000000000001,-98.00000000000001,98.00000000000001,98.00000000000001,80.0959171085702,19.904082891429795,80.09591710857023,19.904082891429766
0.2120408163265306,-98.0,-98.0,98.0,98.0,78.95535985423625,21.04464014576374,78.95535985423625,21.04464014576374,-20.779999999999998,20.779999999999998,40.01010101010101,61.0,-98.00000000000001,-98.00000000000001,98.00000000000001,98.00000000000001,79.09473908972949,20.905260910270513,79.0947390897295,20.905260910270496
0.22214285714285714,-98.0,-98.0,98.0,98.0,77.9510022271715,22.04899777282851,77.9510022271715,22.04899777282851,-21.769999999999985,21.769999999999985,39.51010101010104,61.50000000000002,-98.0,-98.00000000000001,98.0,98.00000000000001,78.09308176100632,21.906918238993683,78.0930817610063,21.906918238993693
0.23224489795918368,-98.0,-98.0,98.0,98.0,76.94644122709323,23.053558772906754,76.94644122709323,23.053558772906754,-22.759999999999987,22.759999999999987,39.010101010101046,62.000000000000036,-98.0,-98.0,98.0,98.0,77.09095092150562,22.909049078494377,77.09095092150567,22.909049078494338
0.2423469387755102,-98.0,-98.0,98.0,98.0,75.94167679222356,24.05832320777643,75.94167679222356,24.05832320777643,-23.74999999999998,23.74999999999998,38.510101010101,62.499999999999964,-98.00000000000001,-98.00000000000001,98.00000000000001,98.00000000000001,76.08835238217546,23.911647617824542,76.08835238217543,23.91164761782457
0.2524489795918367,-98.0,-98.0,98.0,98.0,74.93670886075948,25.063291139240505,74.93670886075948,25.063291139240505,-24.740000000000002,24.740000000000002,38.010101010101025,63.00000000000002,-98.0,-98.0,98.0,98.0,75.08529196570235,24.914708034297647,75.08529196570237,24.91470803429764
0.26255102040816325,-98.0,-98.0,98.0,98.0,73.93153737087299,26.068462629127005,73.93153737087299,26.068462629127005,-25.730000000000004,25.730000000000004,37.51010101010102,63.500000000000014,-98.0,-98.0,98.0,98.0,74.08177550640728,25.918224493592717,74.08177550640725,25.918224493592746
0.2726530612244898,-98.0,-98.0,98.0,98.0,72.92616226071104,27.073837739288972,72.92616226071104,27.073837739288972,-26.72000000000001,26.72000000000001,37.01010101010101,64.00000000000001,-98.00000000000001,-98.00000000000001,98.00000000000001,98.00000000000001,73.07780885013983,26.92219114986017,73.0778088501398,26.922191149860204
0.28275510204081633,-98.0,-98.0,98.0,98.0,71.92058346839545,28.079416531604544,71.92058346839545,28.079416531604544,-27.710000000000008,27.710000000000008,36.51010101010101,64.50000000000003,-97.99999999999999,-98.0,97.99999999999999,98.0,72.07339785417302,27.926602145826976,72.07339785417301,27.926602145826994
0.29285714285714287,-98.0,-98.0,98.0,98.0,70.9148009320231,29.0851990679769,70.9148009320231,29.0851990679769,-28.700000000000014,28.700000000000014,36.01010101010101,65.00000000000001,-98.00000000000001,-98.0,98.00000000000001,98.0,71.06854838709678,28.931451612903217,71.06854838709675,28.931451612903242
0.3029591836734694,-98.0,-98.0,98.0,98.0,69.90881458966567,30.091185410334347,69.90881458966567,30.091185410334347,-29.690000000000005,29.690000000000005,35.51010101010101,65.50000000000001,-98.00000000000001,-98.00000000000001,98.00000000000001,98.00000000000001,70.06326632871122,29.936733671288778,70.06326632871121,29.93673367128879
0.3130612244897959,-98.0,-98.0,98.0,98.0,68.90262437936973,31.097375620630256,68.90262437936973,31.097375620630256,-30.680000000000017,30.680000000000017,35.010101010100996,66.0,-97.99999999999999,-98.0,97.99999999999999,98.0,69.05755756991957,30.942442430080433,69.05755756991957,30.942442430080426
0.32316326530612244,-98.0,-98.0,98.0,98.0,67.89623023915686,32.10376976084313,67.89623023915686,32.10376976084313,-31.670000000000005,31.670000000000005,34.510101010101,66.5,-98.0,-98.0,98.0,98.0,68.05142801262022,31.94857198737978,68.05142801262024,31.948571987379765
0.333265306122449,-98.0,-98.0,98.0,98.0,66.8896321070234,33.11036789297659,66.8896321070234,33.11036789297659,-32.66,32.66,34.01010101010101,67.0,-97.99999999999999,-98.0,97.99999999999999,98.0,67.04488356959874,32.95511643040126,67.04488356959877,32.955116430401226
0.3433673469387755,-98.0,-98.0,98.0,98.0,65.88282992094061,34.1171700790594,65.88282992094061,34.1171700790594,-33.650000000000006,33.650000000000006,33.510101010100996,67.49999999999999,-98.0,-98.0,98.0,98.0,66.03793016441901,33.96206983558099,66.03793016441897,33.96206983558103
0.35346938775510206,-98.0,-98.0,98.0,98.0,64.87582361885453,35.12417638114546,64.87582361885453,35.12417638114546,-34.63999999999999,34.63999999999999,33.01010101010102,68.0,-97.99999999999999,-98.0,97.99999999999999,98.0,65.03057373131377,34.969426268686234,65.03057373131378,34.96942626868622
0.36357142857142855,-98.0,-98.0,98.0,98.0,63.86861313868613,36.13138686131387,63.86861313868613,36.13138686131387,-35.629999999999995,35.629999999999995,32.510101010101025,68.5,-97.99999999999999,-98.0,97.99999999999999,98.0,64.0228202150755,35.9771797849245,64.02282021507546,35.97717978492455
0.3736734693877551,-98.0,-98.0,98.0,98.0,62.861198418331135,37.138801581668865,62.861198418331135,37.138801581668865,-36.61999999999998,36.61999999999998,32.01010101010102,69.0,-98.0,-98.00000000000001,98.0,98.00000000000001,63.01467557094564,36.98532442905436,63.01467557094567,36.98532442905433
0.3837755102040816,-98.0,-98.0,98.0,98.0,61.853579395660105,38.146420604339895,61.853579395660105,38.146420604339895,-37.61000000000001,37.61000000000001,31.51010101010101,69.5,-98.0,-98.00000000000001,98.0,98.00000000000001,62.00614576450444,37.99385423549556,62.00614576450446,37.99385423549554
0.39387755102040817,-98.0,-98.0,98.0,98.0,60.84575600851839,39.1542439914816,60.84575600851839,39.1542439914816,-38.60000000000001,38.60000000000001,31.010101010101003,70.0,-98.0,-98.0,98.0,98.0,60.99723677155941,39.00276322844059,60.997236771559365,39.002763228440635
0.4039795918367347,-98.0,-98.0,98.0,98.0,59.83772819472616,40.16227180527384,59.83772819472616,40.16227180527384,-39.59,39.59,30.51010101010102,70.50000000000003,-98.0,-97.99999999999999,98.0,97.99999999999999,59.987954578033765,40.012045421966235,59.9879545780338,40.0120454219662
0.4140816326530612,-98.0,-98.0,98.0,98.0,58.829495892078306,41.1705041079217,58.829495892078306,41.1705041079217,-40.580000000000005,40.580000000000005,30.010101010101014,71.0,-98.0,-97.99999999999999,98.0,97.99999999999999,58.97830517985494,41.02169482014506,58.97830517985494,41.02169482014506
0.42418367346938773,-98.0,-98.0,98.0,98.0,57.82105903834449,42.178940961655506,57.82105903834449,42.178940961655506,-41.56999999999999,41.56999999999999,29.51010101010102,71.50000000000001,-98.00000000000001,-98.0,98.00000000000001,98.0,57.96829458284108,42.03170541715892,57.96829458284108,42.03170541715892
0.4342857142857143,-98.0,-98.0,98.0,98.0,56.812417571269144,43.187582428730856,56.812417571269144,43.187582428730856,-42.56000000000001,42.56000000000001,29.010101010101003,72.0,-98.00000000000001,-98.00000000000001,98.00000000000001,98.00000000000001,56.95792880258902,43.04207119741098,56.95792880258897,43.04207119741103
0.4443877551020408,-98.0,-98.0,98.0,98.0,55.80357142857143,44.19642857142858,55.80357142857143,44.19642857142858,-43.55,43.55,28.510101010101007,72.5,-98.0,-98.0,98.0,98.0,55.94721386436006,44.05278613563994,55.94721386436002,44.05278613563998
0.45448979591836736,-98.0,-98.0,98.0,98.0,54.7945205479452,45.2054794520548,54.7945205479452,45.2054794520548,-44.53999999999999,44.53999999999999,28.010101010101017,73.00000000000001,-98.0,-98.0,98.0,98.0,54.93615580296678,45.06384419703322,54.93615580296672,45.06384419703328
0.4645918367346939,-98.0,-98.0,98.0,98.0,53.78526486705905,46.214735132940945,53.78526486705905,46.214735132940945,-45.53000000000001,45.53000000000001,27.510101010101007,73.50000000000001,-98.0,-98.00000000000001,98.0,98.00000000000001,53.92476066265806,46.07523933734194,53.924760662658,46.075239337342
0.4746938775510204,-98.0,-98.0,98.0,98.0,52.77580432355627,47.22419567644373,52.77580432355627,47.22419567644373,-46.52000000000002,46.52000000000002,27.010101010101007,74.00000000000003,-97.99999999999999,-98.00000000000001,97.99999999999999,98.00000000000001,52.913034497004766,47.086965502995234,52.913034497004745,47.086965502995255
0.4847959183673469,-98.0,-98.0,98.0,98.0,51.76613885505481,48.23386114494519,51.76613885505481,48.23386114494519,-47.510000000000005,47.510000000000005,26.51010101010101,74.5,-98.0,-98.0,98.0,98.0,51.90098336878444,48.09901663121556,51.900983368784445,48.099016631215555
0.49489795918367346,-98.0,-98.0,98.0,98.0,50.75626839914729,49.243731600852705,50.75626839914729,49.243731600852705,-48.50000000000002,48.50000000000002,26.010101010101007,75.00000000000003,-98.0,-98.00000000000001,98.0,98.00000000000001,50.888613349865686,49.111386650134314,50.88861334986567,49.11138665013433
0.505,-98.0,-98.0,98.0,98.0,49.746192893401016,50.253807106598984,49.746192893401016,50.253807106598984,-49.489999999999995,49.489999999999995,25.51010101010102,75.50000000000001,-98.0,-98.0,98.0,98.0,49.875930521091846,50.124069478908154,49.875930521091846,50.124069478908154
0.5151020408163265,-98.0,-98.0,98.0,98.0,48.7359122753579,51.2640877246421,48.7359122753579,51.2640877246421,-50.480000000000004,50.480000000000004,25.010101010101,75.99999999999997,-98.00000000000001,-98.0,98.00000000000001,98.0,48.86294097216486,51.13705902783514,48.862940972164814,51.137059027835186
0.5252040816326531,-98.0,-98.0,98.0,98.0,47.725426482534516,52.274573517465484,47.725426482534516,52.274573517465484,-51.470000000000006,51.470000000000006,24.51010101010101,76.50000000000001,-98.00000000000001,-98.0,98.00000000000001,98.0,47.84965080152809,52.15034919847191,47.84965080152811,52.15034919847189
0.5353061224489796,-98.0,-98.0,98.0,98.0,46.714735452422055,53.28526454757794,46.714735452422055,53.28526454757794,-52.459999999999994,52.459999999999994,24.010101010101014,77.00000000000001,-98.0,-98.0,98.0,98.0,46.836066116249455,53.163933883750545,46.836066116249434,53.163933883750566
0.5454081632653062,-98.0,-98.0,98.0,98.0,45.70383912248628,54.29616087751372,45.70383912248628,54.29616087751372,-53.45000000000002,53.45000000000002,23.510101010100996,77.5,-98.0,-98.00000000000001,98.0,98.00000000000001,45.82219303190306,54.17780696809694,45.822193031903105,54.177806968096895
0.5555102040816327,-98.0,-98.0,98.0,98.0,44.6927374301676,55.3072625698324,44.6927374301676,55.3072625698324,-54.44000000000001,54.44000000000001,23.010101010101003,77.99999999999999,-98.00000000000001,-98.0,98.00000000000001,98.0,44.808037672451626,55.191962327548374,44.8080376724516,55.1919623275484
0.5656122448979591,-98.0,-98.0,98.0,98.0,43.681430312880934,56.318569687119066,43.681430312880934,56.318569687119066,-55.42999999999999,55.42999999999999,22.510101010101017,78.5,-98.00000000000001,-98.00000000000001,98.00000000000001,98.00000000000001,43.79360617012757,56.20639382987243,43.79360617012755,56.20639382987245
0.5757142857142857,-98.0,-98.0,98.0,98.0,42.669917708015845,57.33008229198415,42.669917708015845,57.33008229198415,-56.42,56.42,22.010101010101014,79.0,-98.0,-98.0,98.0,98.0,42.77890466531439,57.22109533468561,42.77890466531444,57.22109533468556
0.5858163265306122,-98.0,-98.0,98.0,98.0,41.658199552936395,58.341800447063605,41.658199552936395,58.341800447063605,-57.410000000000004,57.410000000000004,21.51010101010101,79.5,-98.00000000000001,-98.0,98.00000000000001,98.0,41.763939306427176,58.236060693572824,41.763939306427176,58.236060693572824
0.5959183673469388,-98.0,-98.0,98.0,98.0,40.6462757849812,59.3537242150188,40.6462757849812,59.3537242150188,-58.4,58.4,21.010101010101017,80.0,-98.0,-98.0,98.0,98.0,40.748716249792935,59.251283750207065,40.74871624979295,59.25128375020705
0.6060204081632653,-98.0,-98.0,98.0,98.0,39.63414634146341,60.36585365853659,39.63414634146341,60.36585365853659,-59.39,59.39,20.510101010101007,80.49999999999999,-98.0,-98.0,98.0,98.0,39.73324165953056,60.26675834046944,39.73324165953056,60.26675834046944
0.6161224489795918,-98.0,-98.0,98.0,98.0,38.621811159670685,61.37818884032931,38.621811159670685,61.37818884032931,-60.37999999999999,60.37999999999999,20.010101010101014,80.99999999999999,-98.00000000000001,-98.00000000000001,98.00000000000001,98.00000000000001,38.71752170743027,61.28247829256973,38.71752170743028,61.28247829256972
0.6262244897959184,-98.0,-98.0,98.0,98.0,37.609270176865216,62.390729823134784,37.609270176865216,62.390729823134784,-61.370000000000005,61.370000000000005,19.510101010101017,81.5,-98.00000000000001,-98.0,98.00000000000001,98.0,37.701562572832884,62.298437427167116,37.70156257283287,62.29843742716713
0.6363265306122449,-98.0,-98.0,98.0,98.0,36.59652333028361,63.40347666971638,36.59652333028361,63.40347666971638,-62.35999999999999,62.35999999999999,19.010101010101014,81.99999999999999,-98.0,-98.0,98.0,98.0,36.685370442508685,63.314629557491315,36.6853704425087,63.3146295574913
0.6464285714285715,-98.0,-98.0,98.0,98.0,35.583570557137044,64.41642944286295,35.583570557137044,64.41642944286295,-63.35000000000001,63.35000000000001,18.51010101010101,82.5,-98.00000000000001,-98.00000000000001,98.00000000000001,98.00000000000001,35.668951510535635,64.33104848946437,35.66895151053568,64.33104848946432
0.656530612244898,-98.0,-98.0,98.0,98.0,34.570411794611076,65.42958820538891,34.570411794611076,65.42958820538891,-64.34,64.34,18.010101010101007,83.0,-97.99999999999999,-97.99999999999999,97.99999999999999,97.99999999999999,34.652311978177785,65.34768802182222,34.65231197817772,65.34768802182228
0.6666326530612244,-98.0,-98.0,98.0,98.0,33.55704697986577,66.44295302013423,33.55704697986577,66.44295302013423,-65.32999999999998,65.32999999999998,17.510101010101017,83.49999999999999,-98.0,-98.0,98.0,98.0,33.635458053762605,66.3645419462374,33.63545805376258,66.36454194623742
0.676734693877551,-98.0,-98.0,98.0,98.0,32.543476050035586,67.4565239499644,32.543476050035586,67.4565239499644,-66.32000000000001,66.32000000000001,17.01010101010101,84.00000000000001,-98.00000000000001,-98.0,98.00000000000001,98.0,32.61839595255871,67.3816040474413,32.618395952558686,67.38160404744131
0.6868367346938775,-98.0,-98.0,98.0,98.0,31.529698942229448,68.47030105777054,31.529698942229448,68.47030105777054,-67.30999999999997,67.30999999999997,16.510101010101014,84.49999999999999,-98.0,-98.00000000000001,98.0,98.00000000000001,31.601131896652745,68.39886810334725,31.60113189665276,68.39886810334724
0.6969387755102041,-98.0,-98.0,98.0,98.0,30.51571559353066,69.48428440646933,30.51571559353066,69.48428440646933,-68.30000000000001,68.30000000000001,16.010101010101007,85.0,-98.00000000000001,-97.99999999999999,98.00000000000001,97.99999999999999,30.58367211482619,69.41632788517381,30.583672114826186,69.41632788517381
0.7070408163265306,-98.0,-98.0,98.0,98.0,29.501525940996938,70.49847405900306,29.501525940996938,70.49847405900306,-69.28999999999999,69.28999999999999,15.510101010101007,85.49999999999997,-98.0,-98.0,98.0,98.0,29.5660228424316,70.43397715756839,29.566022842431593,70.4339771575684
0.7171428571428571,-98.0,-98.0,98.0,98.0,28.487129921660387,71.5128700783396,28.487129921660387,71.5128700783396,-70.28000000000002,70.28000000000002,15.010101010101007,85.99999999999999,-98.0,-98.0,98.0,98.0,28.54819032126879,71.45180967873121,28.548190321268834,71.45180967873117
0.7272448979591837,-98.0,-98.0,98.0,98.0,27.47252747252747,72.52747252747253,27.47252747252747,72.52747252747253,-71.26999999999998,71.26999999999998,14.510101010101009,86.5,-98.00000000000001,-98.00000000000001,98.00000000000001,98.00000000000001,27.530180799460457,72.46981920053955,27.530180799460453,72.46981920053955
0.7373469387755102,-98.0,-98.0,98.0,98.0,26.45771853057901,73.54228146942098,26.45771853057901,73.54228146942098,-72.25999999999999,72.25999999999999,14.010101010101014,87.0,-98.00000000000001,-97.99999999999999,98.00000000000001,97.99999999999999,26.512000531327534,73.48799946867247,26.5120005313276,73.4879994686724
0.7474489795918368,-98.0,-98.0,98.0,98.0,25.4427030327702,74.5572969672298,25.4427030327702,74.5572969672298,-73.25,73.25,13.51010101010101,87.5,-98.00000000000001,-98.0,98.00000000000001,98.0,25.4936557772646,74.50634422273541,25.49365577726455,74.50634422273545
0.7575510204081632,-98.0,-98.0,98.0,98.0,24.42748091603052,75.57251908396947,24.42748091603052,75.57251908396947,-74.24000000000001,74.24000000000001,13.010101010101009,87.99999999999999,-97.99999999999999,-98.00000000000001,97.99999999999999,98.00000000000001,24.475152803614147,75.52484719638585,24.475152803614137,75.52484719638586
0.7676530612244897,-98.0,-98.0,98.0,98.0,23.412052117263837,76.58794788273616,23.412052117263837,76.58794788273616,-75.22999999999999,75.22999999999999,12.510101010101016,88.49999999999999,-98.0,-98.0,98.0,98.0,23.456497882541548,76.54350211745844,23.456497882541512,76.54350211745849
0.7777551020408163,-98.0,-98.0,98.0,98.0,22.39641657334826,77.60358342665175,22.39641657334826,77.60358342665175,-76.22,76.22,12.010101010101012,89.0,-97.99999999999999,-98.0,97.99999999999999,98.0,22.437697291908957,77.56230270809104,22.43769729190896,77.56230270809104
0.7878571428571428,-98.0,-98.0,98.0,98.0,21.380574221136218,78.6194257788638,21.380574221136218,78.6194257788638,-77.21000000000001,77.21000000000001,11.510101010101012,89.49999999999999,-98.00000000000001,-97.99999999999999,98.00000000000001,97.99999999999999,21.418757315149346,78.58124268485065,21.41875731514935,78.58124268485065
0.7979591836734694,-98.0,-98.0,98.0,98.0,20.36452499745443,79.63547500254558,20.36452499745443,79.63547500254558,-78.2,78.2,11.01010101010101,90.00000000000001,-98.00000000000001,-97.99999999999999,98.00000000000001,97.99999999999999,20.399684241140083,79.60031575885992,20.39968424114005,79.60031575885995
0.8080612244897959,-98.0,-98.0,98.0,98.0,19.348268839103863,80.65173116089615,19.348268839103863,80.65173116089615,-79.19,79.19,10.510101010101012,90.50000000000001,-98.0,-98.00000000000001,98.0,98.00000000000001,19.380484364076068,80.61951563592393,19.380484364076096,80.6195156359239
0.8181632653061224,-98.0,-98.0,98.0,98.0,18.331805682859756,81.66819431714025,18.331805682859756,81.66819431714025,-80.17999999999998,80.17999999999998,10.010101010101012,90.99999999999997,-98.0,-98.0,98.0,98.0,18.361163983343182,81.63883601665682,18.361163983343204,81.6388360166568
0.828265306122449,-98.0,-98.0,98.0,98.0,17.31513546547157,82.68486453452843,17.31513546547157,82.68486453452843,-81.17000000000002,81.17000000000002,9.510101010101012,91.5,-98.0,-98.00000000000001,98.0,98.00000000000001,17.341729403390634,82.65827059660937,17.34172940339063,82.65827059660937
0.8383673469387755,-98.0,-98.0,98.0,98.0,16.29825812366303,83.70174187633698,16.29825812366303,83.70174187633698,-82.16,82.16,9.010101010101016,92.0,-98.0,-98.00000000000001,98.0,98.00000000000001,16.322186933603806,83.6778130663962,16.322186933603817,83.67781306639618
0.8484693877551021,-98.0,-98.0,98.0,98.0,15.281173594132028,84.71882640586797,15.281173594132028,84.71882640586797,-83.15,83.15,8.510101010101009,92.5,-98.0,-98.0,98.0,98.0,15.302542888176319,84.69745711182368,15.302542888176333,84.69745711182367
0.8585714285714285,-98.0,-98.0,98.0,98.0,14.263881813550679,85.73611818644933,14.263881813550679,85.73611818644933,-84.13999999999999,84.13999999999999,8.01010101010101,93.0,-98.00000000000001,-98.0,98.00000000000001,98.0,14.282803585982046,85.71719641401795,14.28280358598208,85.71719641401792
0.8686734693877551,-98.0,-98.0,98.0,98.0,13.246382718565311,86.7536172814347,13.246382718565311,86.7536172814347,-85.13,85.13,7.510101010101007,93.50000000000001,-97.99999999999999,-98.00000000000001,97.99999999999999,98.00000000000001,13.262975350447004,86.73702464955299,13.262975350446993,86.737024649553
0.8787755102040816,-98.0,-98.0,98.0,98.0,12.228676245796382,87.77132375420362,12.228676245796382,87.77132375420362,-86.11999999999999,86.11999999999999,7.0101010101010095,93.99999999999999,-98.00000000000001,-98.0,98.00000000000001,98.0,12.243064509420645,87.75693549057935,12.243064509420634,87.75693549057937
0.8888775510204081,-98.0,-98.0,98.0,98.0,11.21076233183856,88.78923766816145,11.21076233183856,88.78923766816145,-87.11,87.11,6.510101010101013,94.5,-98.0,-98.0,98.0,98.0,11.22307739504721,88.77692260495279,11.223077395047227,88.77692260495277
0.8989795918367347,-98.0,-98.0,98.0,98.0,10.192640913260613,89.80735908673938,10.192640913260613,89.80735908673938,-88.1,88.1,6.010101010101008,95.0,-98.00000000000001,-98.0,98.00000000000001,98.0,10.203020343636894,89.7969796563631,10.203020343636894,89.7969796563631
0.9090816326530612,-98.0,-98.0,98.0,98.0,9.174311926605496,90.8256880733945,9.174311926605496,90.8256880733945,-89.09,89.09,5.510101010101013,95.5,-98.0,-98.0,98.0,98.0,9.182899695536454,90.81710030446355,9.182899695536435,90.81710030446357
0.9191836734693878,-98.0,-98.0,98.0,98.0,8.15577530839025,91.84422469160975,8.15577530839025,91.84422469160975,-90.08,90.08,5.010101010101009,96.0,-98.00000000000001,-97.99999999999999,98.00000000000001,97.99999999999999,8.162721794999825,91.83727820500017,8.16272179499984,91.83727820500016
0.9292857142857143,-98.0,-98.0,98.0,98.0,7.137030995106025,92.86296900489397,7.137030995106025,92.86296900489397,-91.07000000000001,91.07000000000001,4.510101010101012,96.50000000000001,-98.0,-98.0,98.0,98.0,7.142492990058622,92.85750700994137,7.142492990058642,92.85750700994136
0.9393877551020408,-98.0,-98.0,98.0,98.0,6.118078923218104,93.8819210767819,6.118078923218104,93.8819210767819,-92.06,92.06,4.010101010101014,97.0,-97.99999999999999,-98.0,97.99999999999999,98.0,6.122219632392121,93.87778036760788,6.122219632392117,93.87778036760788
0.9494897959183674,-98.0,-98.0,98.0,98.0,5.098919029165804,94.90108097083419,5.098919029165804,94.90108097083419,-93.04999999999998,93.04999999999998,3.5101010101010104,97.5,-98.0,-98.0,98.0,98.0,5.1019080771972565,94.89809192280275,5.101908077197251,94.89809192280275
0.9595918367346938,-98.0,-98.0,98.0,98.0,4.079551249362562,95.92044875063745,4.079551249362562,95.92044875063745,-94.04,94.04,3.0101010101010117,98.00000000000001,-98.00000000000001,-98.00000000000001,98.00000000000001,98.00000000000001,4.081564683058429,95.91843531694157,4.081564683058431,95.91843531694157
0.9696938775510204,-98.0,-98.0,98.0,98.0,3.0599755201958354,96.94002447980415,3.0599755201958354,96.94002447980415,-95.02999999999999,95.02999999999999,2.510101010101009,98.49999999999999,-98.00000000000001,-98.0,98.00000000000001,98.0,3.0611958118169684,96.93880418818303,3.061195811816958,96.93880418818304
0.9797959183673469,-98.0,-98.0,98.0,98.0,2.0401917780271255,97.95980822197288,2.0401917780271255,97.95980822197288,-96.02,96.02,2.0101010101010104,98.99999999999997,-98.00000000000001,-98.0,98.00000000000001,98.0,2.0408078284405597,97.95919217155944,2.0408078284405633,97.95919217155944
0.9898979591836734,-98.0,-98.0,98.0,98.0,1.020199959191997,98.97980004080799,1.020199959191997,98.97980004080799,-97.00999999999999,97.00999999999999,1.510101010101013,99.49999999999999,-98.00000000000001,-97.99999999999999,98.00000000000001,97.99999999999999,1.0204071008923554,98.97959289910764,1.0204071008923563,98.97959289910764
1.0,-98.0,-98.0,98.0,98.0,0.0,100.0,0.0,100.0,-98.00000000000001,98.00000000000001,1.01010101010101,100.00000000000003,-98.0,-98.0,98.0,98.0,0.0,100.0,0.0,100.0
